{
  "Component-preload.js": 1701064997461,
  "controller/EmployeePortalView.controller.js": 1700574048267,
  "model/models.js": 1697455360602,
  "manifest.json": 1701064996959,
  "controller/EmpPersonalView.controller.js": 1701061923939,
  "controller/App.controller.js": 1700824341025,
  "FORMATTER/dateFormatter.js": 1699869466184,
  "FORMATTER/IDFormatter.js": 1697455360522,
  "Component.js": 1697455360522,
  "i18n/i18n.properties": 1700637012526,
  "controller/EmpPersonalView-dbg.controller.js": 1701061923939,
  "controller/EmployeePortalView-dbg.controller.js": 1700574048267,
  "model/models-dbg.js": 1697455360602,
  "controller/App-dbg.controller.js": 1700824341025,
  "FORMATTER/dateFormatter-dbg.js": 1699869466184,
  "FORMATTER/IDFormatter-dbg.js": 1697455360522,
  "Component-dbg.js": 1697455360522,
  "view/EmployeePortalView.view.xml": 1700573520148,
  "view/EmpPersonalView.view.xml": 1700637046249,
  "view/App.view.xml": 1697455360606,
  "Fragments/personal.fragment.xml": 1698826192806,
  "Fragments/leaveAnalytics.fragment.xml": 1699942203723,
  "Fragments/goalsPlan.fragment.xml": 1698738954905,
  "Fragments/employment.fragment.xml": 1699942327740,
  "Fragments/editPersonal.fragment.xml": 1700210543046,
  "Fragments/editLeave.fragment.xml": 1698220877701,
  "Fragments/applyLeaves.fragment.xml": 1698908898384,
  "Fragments/addExpenses.fragment.xml": 1699512268203,
  "css/style.css": 1697455360538,
  "index.html": 1697455360598,
  "formal.png": 1697455360594
}